collection.title;collection.author;collection.publisher;collection.volume;collection.code;idcode.pieceNumber;piece.title;piece.city;piece.year;piece.composer.one;piece.composer.two;
O Melhor de Pixinguinha;;;;OMP;1;Abraçando jacaré;;;Pixinguinha;;
O Melhor de Pixinguinha;;;;OMP;2;A vida é um buraco;;;Pixinguinha;;
O Melhor de Pixinguinha;;;;OMP;3;Agradecendo;;;Pixinguinha;;
O Melhor de Pixinguinha;;;;OMP;4;Ainda me recordo;;;Pixinguinha;Benedito Lacerda;
O Melhor de Pixinguinha;;;;OMP;5;Atencioso;;;Pixinguinha;;
O Melhor de Pixinguinha;;;;OMP;6;Ande ligeiro;;;Pixinguinha;;
O Melhor de Pixinguinha;;;;OMP;7;Bom senso;;;Pixinguinha;Fábio de Oliveira;
O Melhor de Pixinguinha;;;;OMP;8;As proesas de Nolasco;;;Pixinguinha;;
O Melhor de Pixinguinha;;;;OMP;9;Canto em rodeio;;;Pixinguinha;;
O Melhor de Pixinguinha;;;;OMP;10;Cascatinha;;;Pixinguinha;;
O Melhor de Pixinguinha;;;;OMP;11;Carinhoso;;;Pixinguinha;João de Barro;
O Melhor de Pixinguinha;;;;OMP;12;Cheguei;;;Pixinguinha;Benedito Lacerda;
O Melhor de Pixinguinha;;;;OMP;13;Chorando sempre;;;Pixinguinha;;
O Melhor de Pixinguinha;;;;OMP;14;Chorei;;;Pixinguinha;Benedito Lacerda;
O Melhor de Pixinguinha;;;;OMP;15;Concerto de baterias;;;Pixinguinha;;
O Melhor de Pixinguinha;;;;OMP;16;Cuidado colega;;;Pixinguinha;Benedito Lacerda;
O Melhor de Pixinguinha;;;;OMP;17;Descendo a serra;;;Pixinguinha;Benedito Lacerda;
O Melhor de Pixinguinha;;;;OMP;18;Choro de gafieira;;;Pixinguinha;;
O Melhor de Pixinguinha;;;;OMP;19;Desprezado;;;Pixinguinha;;
O Melhor de Pixinguinha;;;;OMP;20;Destino da rosa;;;Pixinguinha;;
O Melhor de Pixinguinha;;;;OMP;21;Devagar e sempre;;;Pixinguinha;Benedito Lacerda;
O Melhor de Pixinguinha;;;;OMP;22;Diabólica;;;Pixinguinha;;
O Melhor de Pixinguinha;;;;OMP;23;Dininha;;;Pixinguinha;Benedito Lacerda;
O Melhor de Pixinguinha;;;;OMP;24;Dominó;;;Pixinguinha;;
O Melhor de Pixinguinha;;;;OMP;25;Ele e eu;;;Pixinguinha;Benedito Lacerda;
O Melhor de Pixinguinha;;;;OMP;26;É isso mesmo;;;Pixinguinha;;
O Melhor de Pixinguinha;;;;OMP;27;Fonte abandonada;;;Pixinguinha;;
O Melhor de Pixinguinha;;;;OMP;28;Gargalhada;;;Pixinguinha;;
O Melhor de Pixinguinha;;;;OMP;29;Homenagem à flor margarida;;;Pixinguinha;Fábio de Oliveira;
O Melhor de Pixinguinha;;;;OMP;30;Ingênuo;;;Pixinguinha;Benedito Lacerda;Paulo César Pinheiro
O Melhor de Pixinguinha;;;;OMP;31;Generoso;;;Pixinguinha;;
O Melhor de Pixinguinha;;;;OMP;32;Joaquim virou padre;;;Pixinguinha;;
O Melhor de Pixinguinha;;;;OMP;33;Lamentos;;;Pixinguinha;Vinícius de Moraes;
O Melhor de Pixinguinha;;;;OMP;34;Minha vez;;;Pixinguinha;;
O Melhor de Pixinguinha;;;;OMP;35;Naquele tempo;;;Pixinguinha;Benedito Lacerda;Fábio de Oliveira
O Melhor de Pixinguinha;;;;OMP;36;Não vou nessa;;;Pixinguinha;;
O Melhor de Pixinguinha;;;;OMP;37;Os 8 batutas;;;Pixinguinha;Benedito Lacerda;
O Melhor de Pixinguinha;;;;OMP;38;Oscarina;;;Pixinguinha;Benedito Lacerda;
O Melhor de Pixinguinha;;;;OMP;39;Pagão;;;Pixinguinha;Benedito Lacerda;
O Melhor de Pixinguinha;;;;OMP;40;Parangolé;;;Pixinguinha;;
O Melhor de Pixinguinha;;;;OMP;41;Passa tempo;;;Pixinguinha;;
O Melhor de Pixinguinha;;;;OMP;42;Os cinco companheiros;;;Pixinguinha;;
O Melhor de Pixinguinha;;;;OMP;43;Jurando falso;;;Pixinguinha;;
O Melhor de Pixinguinha;;;;OMP;44;Quem é você;;;Pixinguinha;;
O Melhor de Pixinguinha;;;;OMP;45;Rir pra não chorar;;;Pixinguinha;;
O Melhor de Pixinguinha;;;;OMP;46;Saudação;;;Pixinguinha;Providência;
O Melhor de Pixinguinha;;;;OMP;47;Segura ele;;;Pixinguinha;Benedito Lacerda;
O Melhor de Pixinguinha;;;;OMP;48;Seu Lourenço no vinho;;;Pixinguinha;Benedito Lacerda;
O Melhor de Pixinguinha;;;;OMP;49;Só pra mim;;;Pixinguinha;;
O Melhor de Pixinguinha;;;;OMP;50;Sofres porque queres;;;Pixinguinha;Benedito Lacerda;
O Melhor de Pixinguinha;;;;OMP;51;Soluços;;;Pixinguinha;Benedito Lacerda;
O Melhor de Pixinguinha;;;;OMP;52;Tico;;;Pixinguinha;;
O Melhor de Pixinguinha;;;;OMP;53;Tô fraco;;;Pixinguinha;;
O Melhor de Pixinguinha;;;;OMP;54;Recordações de Emiliana;;;Pixinguinha;;
O Melhor de Pixinguinha;;;;OMP;55;Trombone atrevido;;;Pixinguinha;;
O Melhor de Pixinguinha;;;;OMP;56;Regra três;;;Pixinguinha;;
O Melhor de Pixinguinha;;;;OMP;57;Teu aniversário;;;Pixinguinha;;
O Melhor de Pixinguinha;;;;OMP;58;Um a zero;;;Pixinguinha;Benedito Lacerda;
O Melhor de Pixinguinha;;;;OMP;59;Uma simples lembrança;;;Pixinguinha;;
O Melhor de Pixinguinha;;;;OMP;60;Urubatã;;;Pixinguinha;Benedito Lacerda;
O Melhor de Pixinguinha;;;;OMP;61;Somente;;;Pixinguinha;;
O Melhor de Pixinguinha;;;;OMP;62;Valsa faceira;;;Pixinguinha;;
O Melhor de Pixinguinha;;;;OMP;63;Vamos brincar;;;Pixinguinha;;
O Melhor de Pixinguinha;;;;OMP;64;Vem vindo;;;Pixinguinha;;
O Melhor de Pixinguinha;;;;OMP;65;Pretencioso;;;Pixinguinha;;
O Melhor de Pixinguinha;;;;OMP;66;Proezas de Solon;;;Pixinguinha;Benedito Lacerda;
O Melhor de Pixinguinha;;;;OMP;67;Rosa;;;Pixinguinha;;
O Melhor de Pixinguinha;;;;OMP;68;Rosa (Evocação);;;Pixinguinha;;
O Melhor de Pixinguinha;;;;OMP;69;Modinha brasileira;;;Pixinguinha;;
O Melhor de Pixinguinha;;;;OMP;70;Oculto;;;Pixinguinha;;
O Melhor de Pixinguinha;;;;OMP;71;Vou vivendo;;;Pixinguinha;Benedito Lacerda;
O Melhor do Choro Brasileiro;;;1;OMCB;1;A bicada do tico tico;;;Gaudio Viotti;;
O Melhor do Choro Brasileiro;;;1;OMCB;2;Ah! Cavaquinho!;;;Erothides de Campos;;
O Melhor do Choro Brasileiro;;;1;OMCB;3;Aguenta o leme;;;José Maria de Abreu;;
O Melhor do Choro Brasileiro;;;1;OMCB;4;Mulato anti-metropolitano;;;Laurindo de Almeida;;
O Melhor do Choro Brasileiro;;;1;OMCB;5;Alma;;;Waldyr Azevedo;;
O Melhor do Choro Brasileiro;;;1;OMCB;6;Bem-te-vi atrevido;;;Lina Pesce;;
O Melhor do Choro Brasileiro;;;1;OMCB;7;B.H.;;;Sylvio Mazzucca;;
O Melhor do Choro Brasileiro;;;1;OMCB;8;Bicho carpinteiro;;;Ângelo Reale;;
O Melhor do Choro Brasileiro;;;1;OMCB;9;Bingo;;;Dilermando Reis;;
O Melhor do Choro Brasileiro;;;1;OMCB;10;Bons tempos;;;Milton d'Agostino;;
O Melhor do Choro Brasileiro;;;1;OMCB;11;Brasileirinho;;;Waldyr Azevedo;;
O Melhor do Choro Brasileiro;;;1;OMCB;12;Camundongo;;;Waldyr Azevedo;Risadinha do Pandeiro;
O Melhor do Choro Brasileiro;;;1;OMCB;13;Capricho;;;Zé Lico;;
O Melhor do Choro Brasileiro;;;1;OMCB;14;Cavaquinho seresteiro;;;Waldyr Azevedo;;
O Melhor do Choro Brasileiro;;;1;OMCB;15;Chorei...;;;Pixinguinha;Benedito Lacerda;
O Melhor do Choro Brasileiro;;;1;OMCB;16;Choro;;;Tom Jobim;;
O Melhor do Choro Brasileiro;;;1;OMCB;17;Cordas românticas;;;Waldyr Azevedo;Avena de Castro;
O Melhor do Choro Brasileiro;;;1;OMCB;18;Curare;;;Bororó;;
O Melhor do Choro Brasileiro;;;1;OMCB;19;Dedé;;;Domingos Pecci;;
O Melhor do Choro Brasileiro;;;1;OMCB;20;Desiludido;;;Tico-Tico;;
O Melhor do Choro Brasileiro;;;1;OMCB;21;Doce de côco;;;Jacob do Bandolim;;
O Melhor do Choro Brasileiro;;;1;OMCB;22;É do que há;;;Luiz Americano;;
O Melhor do Choro Brasileiro;;;1;OMCB;23;Ele e eu;;;Pixinguinha;Benedito Lacerda;
O Melhor do Choro Brasileiro;;;1;OMCB;24;É logo ali;;;Dante Santoro;;
O Melhor do Choro Brasileiro;;;1;OMCB;25;Eu te quero bem;;;Luiz Americano;;
O Melhor do Choro Brasileiro;;;1;OMCB;26;Flauta;;; cavaquinho e violão;Custódio Mesquita;Orestes Barbosa
O Melhor do Choro Brasileiro;;;1;OMCB;27;Flor amorosa;;;Joaquim Antonio de Silva Callado;Catulo da Paixão Cearense;
O Melhor do Choro Brasileiro;;;1;OMCB;28;Homenagem à velha guarda;;;Sivuca;;
O Melhor do Choro Brasileiro;;;1;OMCB;29;Porque me enganou?;;;Zequinha Abreu;;
O Melhor do Choro Brasileiro;;;1;OMCB;30;Infelizmente;;;José da Rocha Piedade;Moacyr Vieira;
O Melhor do Choro Brasileiro;;;1;OMCB;31;Ingênuo;;;Pixinguinha;Benedito Lacerda;Paulo César Pinheiro
O Melhor do Choro Brasileiro;;;1;OMCB;32;Não tem choro;;;Hervé Cordovil;;
O Melhor do Choro Brasileiro;;;1;OMCB;33;Meloso;;;José Maria de Abreu;;
O Melhor do Choro Brasileiro;;;1;OMCB;34;Lamentos;;;Pixinguinha;Vinícius de Moraes;
O Melhor do Choro Brasileiro;;;1;OMCB;35;Meu beguin;;;Domingos Pecci;;
O Melhor do Choro Brasileiro;;;1;OMCB;36;Moleque Moura;;;Domingos Pecci;;
O Melhor do Choro Brasileiro;;;1;OMCB;37;Na glória;;;Ary dos Santos;Raul de Barros;
O Melhor do Choro Brasileiro;;;1;OMCB;38;Noites cariocas;;;Jacob do Bandolim;Hermínio Bello de Carvalho;
O Melhor do Choro Brasileiro;;;1;OMCB;39;Nossa amizade;;;Carolina Cardoso de Menezes;Everardo Baia;
O Melhor do Choro Brasileiro;;;1;OMCB;40;O mulatinho;;;Belmacio Pousa Godinho;Felipe Tedesco;
O Melhor do Choro Brasileiro;;;1;OMCB;41;O que vier eu traço;;;Alvaiade;Zé Maria;
O Melhor do Choro Brasileiro;;;1;OMCB;42;Os 8 batutas;;;Pixinguinha;Benedito Lacerda;
O Melhor do Choro Brasileiro;;;1;OMCB;43;Papagaio embriagado;;;Mário Mascarenhas;;
O Melhor do Choro Brasileiro;;;1;OMCB;44;Polichinelo;;;Gadé;Almanyr Grego;
O Melhor do Choro Brasileiro;;;1;OMCB;45;Queridinho;;;Ângelo Reale;;
O Melhor do Choro Brasileiro;;;1;OMCB;46;Relembrando o passado;;;Luíz dos Santos;Ivanildo José;
O Melhor do Choro Brasileiro;;;1;OMCB;47;Saudade do cavaquinho;;;Pixinguinha;Muraro;
O Melhor do Choro Brasileiro;;;1;OMCB;48;Sax soprano magoado;;;Luíz dos Santos;Patrasca;
O Melhor do Choro Brasileiro;;;1;OMCB;49;Sofres porque queres;;;Pixinguinha;Benedito Lacerda;
O Melhor do Choro Brasileiro;;;1;OMCB;50;Sonhando;;;Domingos Pecci;;
O Melhor do Choro Brasileiro;;;1;OMCB;51;Sururú na cidade;;;Zequinha Abreu;;
O Melhor do Choro Brasileiro;;;1;OMCB;52;Teus olhos;;;Ataulpho Alves;Roberto Martins;
O Melhor do Choro Brasileiro;;;1;OMCB;53;Tangará na dança;;;Lina Pesce;;
O Melhor do Choro Brasileiro;;;1;OMCB;54;Não me toques...;;;Zequinha Abreu;;
O Melhor do Choro Brasileiro;;;1;OMCB;55;Urubatã;;;Pixinguinha;Benedito Lacerda;
O Melhor do Choro Brasileiro;;;1;OMCB;56;Urubú malandro;;;Lourival Carvalho;João de Barro;
O Melhor do Choro Brasileiro;;;1;OMCB;57;Velhos tempos;;;Luiz Bonfá;;
O Melhor do Choro Brasileiro;;;1;OMCB;58;Vou casar no Uruguay...;;;Gadé;Walfrido Silva;
O Melhor do Choro Brasileiro;;;1;OMCB;59;Zinha;;;Pattapio Silva;;
O Melhor do Choro Brasileiro;;;1;OMCB;60;Tomando sereno;;;José Maria de Abreu;;
O Melhor do Choro Brasileiro;;;2;OMCB;1;Amor e medo;;;Zequinha Abreu;;
O Melhor do Choro Brasileiro;;;2;OMCB;2;Amoroso;;;Garoto;Luiz Bittencourt;
O Melhor do Choro Brasileiro;;;2;OMCB;3;André de sapato novo;;;André Victor Corrêa;;
O Melhor do Choro Brasileiro;;;2;OMCB;4;Apanhei-te cavaquinho;;;Ernesto Nazareth;Báldoman;
O Melhor do Choro Brasileiro;;;2;OMCB;5;Ary no choro;;;Lirio Panicali;;
O Melhor do Choro Brasileiro;;;2;OMCB;6;Atraente;;;Mesquita;Luiz Americano;
O Melhor do Choro Brasileiro;;;2;OMCB;7;Brejeiro;;;Ernesto Nazareth;;
O Melhor do Choro Brasileiro;;;2;OMCB;8;Carinhoso;;;Pixinguinha;João de Barro;
O Melhor do Choro Brasileiro;;;2;OMCB;9;Chorando em São Paulo;;;Magda Santos;Pó;
O Melhor do Choro Brasileiro;;;2;OMCB;10;Chorinho antigo;;;Waldyr Azevedo;;
O Melhor do Choro Brasileiro;;;2;OMCB;11;Choro;;;Noel Rosa;;
O Melhor do Choro Brasileiro;;;2;OMCB;12;Choro n° 1;;;Attílio Bernardini;;
O Melhor do Choro Brasileiro;;;2;OMCB;13;Corruira saltitante;;;Lina Pesce;;
O Melhor do Choro Brasileiro;;;2;OMCB;14;Delicado;;;Waldyr Azevedo;;
O Melhor do Choro Brasileiro;;;2;OMCB;15;Descendo a serra;;;Pixinguinha;Benedito Lacerda;
O Melhor do Choro Brasileiro;;;2;OMCB;16;Dr. Sabe tudo;;;Dilermando Reis;;
O Melhor do Choro Brasileiro;;;2;OMCB;17;Disseram que eu voltei americanizada;;;Vicente Paiva;Luiz Peixoto;
O Melhor do Choro Brasileiro;;;2;OMCB;18;Escorregando;;;Ernesto Nazareth;;
O Melhor do Choro Brasileiro;;;2;OMCB;19;Esquecimento;;;Dante Santoro;;
O Melhor do Choro Brasileiro;;;2;OMCB;20;Expressinho;;;Carolina Cardoso de Menezes;;
O Melhor do Choro Brasileiro;;;2;OMCB;21;Favorito;;;Ernesto Nazareth;;
O Melhor do Choro Brasileiro;;;2;OMCB;22;Feitiço;;;Ernesto Nazareth;;
O Melhor do Choro Brasileiro;;;2;OMCB;23;Granfino;;;Nabor Pires Camargo;;
O Melhor do Choro Brasileiro;;;2;OMCB;24;Hora de sonhar;;;Waldyr Azevedo;;
O Melhor do Choro Brasileiro;;;2;OMCB;25;Luís Americano na P.R.E. 3;;;Luiz Americano;;
O Melhor do Choro Brasileiro;;;2;OMCB;26;Levanta poeira;;;Zequinha Abreu;;
O Melhor do Choro Brasileiro;;;2;OMCB;27;Machuca...;;;Chiquinha Gonzaga;Patrocínio Filho;
O Melhor do Choro Brasileiro;;;2;OMCB;28;Magoado;;;Dilermando Reis;;
O Melhor do Choro Brasileiro;;;2;OMCB;29;Malandrinho;;;Gadé;Oswaldo Nogueira;
O Melhor do Choro Brasileiro;;;2;OMCB;30;Meu cavaquinho;;;Pachequinho;Ruy Borba;
O Melhor do Choro Brasileiro;;;2;OMCB;31;Meu prelúdio;;;Waldyr Azevedo;;
O Melhor do Choro Brasileiro;;;2;OMCB;32;Não me rasgues a roupa;;;Ângelo Reale;;
O Melhor do Choro Brasileiro;;;2;OMCB;33;Naquele tempo;;;Pixinguinha;Benedito Lacerda;Fábio de Oliveira
O Melhor do Choro Brasileiro;;;2;OMCB;34;Noturno;;;Leal Tadeu;Helcí Maio;
O Melhor do Choro Brasileiro;;;2;OMCB;35;Nenê;;;Domingos Pecci;;
O Melhor do Choro Brasileiro;;;2;OMCB;36;Ô de casa!;;;Luiz Gonzaga;Mário Rossi;
O Melhor do Choro Brasileiro;;;2;OMCB;37;Odeon;;;Ernesto Nazareth;Hubaldo Maurício;
O Melhor do Choro Brasileiro;;;2;OMCB;38;Os pintinhos no terreiro...;;;Zequinha Abreu;Eurico Barreiros;
O Melhor do Choro Brasileiro;;;2;OMCB;39;Pedacinhos do céu;;;Waldyr Azevedo;;
O Melhor do Choro Brasileiro;;;2;OMCB;40;Proezas de Solon;;;Pixinguinha;Benedito Lacerda;
O Melhor do Choro Brasileiro;;;2;OMCB;41;Queixas;;;Milton d'Agostino;;
O Melhor do Choro Brasileiro;;;2;OMCB;42;Retornando;;;Carlos Lafelice;;
O Melhor do Choro Brasileiro;;;2;OMCB;43;Recordando os velhos tempos;;;Luiz Americano;;
O Melhor do Choro Brasileiro;;;2;OMCB;44;Saudades...;;;Candido Pereira da Silva;;
O Melhor do Choro Brasileiro;;;2;OMCB;45;Saudades de Queluz;;;Lírio Panicali;;
O Melhor do Choro Brasileiro;;;2;OMCB;46;Saxofone;;; porque choras?;Severino Rangel de Carvalho;
O Melhor do Choro Brasileiro;;;2;OMCB;47;Segura ele;;;Pixinguinha;Benedito Lacerda;
O Melhor do Choro Brasileiro;;;2;OMCB;48;Silencioso;;;Guerra Peixe;;
O Melhor do Choro Brasileiro;;;2;OMCB;49;Sonhando amor;;;Zequinha Abreu;Ruy Borba;
O Melhor do Choro Brasileiro;;;2;OMCB;50;Sossega Juca;;;Luiz Americano;;
O Melhor do Choro Brasileiro;;;2;OMCB;51;Sonoroso;;;K-Ximbinho;;
O Melhor do Choro Brasileiro;;;2;OMCB;52;Sons de carrilhões;;;João Teixeira Guimarães;;
O Melhor do Choro Brasileiro;;;2;OMCB;53;Soprano de gafieira;;;Luíz dos Santos;Renil Perone;
O Melhor do Choro Brasileiro;;;2;OMCB;54;Sururú na gafieira;;;Virgilio Mugnai;;
O Melhor do Choro Brasileiro;;;2;OMCB;55;Tico tico no fubá;;;Zequinha Abreu;Eurico Barreiros;
O Melhor do Choro Brasileiro;;;2;OMCB;56;Tigre da lapa;;;Luiz Americano;;
O Melhor do Choro Brasileiro;;;2;OMCB;57;Tragédia de bolso;;;Tico-Tico;;
O Melhor do Choro Brasileiro;;;2;OMCB;58;Um choro num trem;;;Candido Pereira da Silva;;
O Melhor do Choro Brasileiro;;;2;OMCB;59;Vê se gostas;;;Waldyr Azevedo;Octaviano Pitanga;
O Melhor do Choro Brasileiro;;;2;OMCB;60;Vou vivendo;;;Pixinguinha;Benedito Lacerda;
O Melhor do Choro Brasileiro;;;3;OMCB;1;Acerta o passo;;;Pixinguinha;Benedito Lacerda;
O Melhor do Choro Brasileiro;;;3;OMCB;2;A coisa melhorou;;;Heitor dos Prazeres;;
O Melhor do Choro Brasileiro;;;3;OMCB;3;A serpente e o pastor;;;Paraguassú;Capitão Furtado;
O Melhor do Choro Brasileiro;;;3;OMCB;4;Ameno Resedá;;;Ernesto Nazareth;;
O Melhor do Choro Brasileiro;;;3;OMCB;5;Annita;;;Chiquinha Gonzaga;;
O Melhor do Choro Brasileiro;;;3;OMCB;6;Atraente;;;Chiquinha Gonzaga;;
O Melhor do Choro Brasileiro;;;3;OMCB;7;Aguente Felipe;;;Luíz dos Santos;Nascim Filho;
O Melhor do Choro Brasileiro;;;3;OMCB;8;Cachorro vira-lata;;;Alberto Ribeiro;;
O Melhor do Choro Brasileiro;;;3;OMCB;9;Caco de vidro;;;Altamiro Carrilho;;
O Melhor do Choro Brasileiro;;;3;OMCB;10;Canarinho gracioso;;;Lina Pesce;;
O Melhor do Choro Brasileiro;;;3;OMCB;11;Castigando;;;Dante Santoro;;
O Melhor do Choro Brasileiro;;;3;OMCB;12;Chora chorão;;;Luiz Bonfá;;
O Melhor do Choro Brasileiro;;;3;OMCB;13;Chora trombone;;;João Silva;;
O Melhor do Choro Brasileiro;;;3;OMCB;14;Chorando;;;Ary Barroso;;
O Melhor do Choro Brasileiro;;;3;OMCB;15;Chorando baixinho;;;Abel Ferreira;;
O Melhor do Choro Brasileiro;;;3;OMCB;16;Chorando na rua;;;Canhotinho;;
O Melhor do Choro Brasileiro;;;3;OMCB;17;Ciuminho grande;;;Carioca;;
O Melhor do Choro Brasileiro;;;3;OMCB;18;Conversa de botequim;;;Noel Rosa;Vadico;
O Melhor do Choro Brasileiro;;;3;OMCB;19;Debutante;;;Sylvio Mazzucca;;
O Melhor do Choro Brasileiro;;;3;OMCB;20;Dissimulada;;;Laurindo de Almeida;Bororó;
O Melhor do Choro Brasileiro;;;3;OMCB;21;Divagando;;;Domingos Semenzato;;
O Melhor do Choro Brasileiro;;;3;OMCB;22;Choro n° 2;;;João Pernambuco;Turíbio Santos;
O Melhor do Choro Brasileiro;;;3;OMCB;23;Elegante;;;Lina Pesce;;
O Melhor do Choro Brasileiro;;;3;OMCB;24;Espinha de bacalhau;;;Severino Araújo;;
O Melhor do Choro Brasileiro;;;3;OMCB;25;Do jeito que a gente quer;;;Ed Lincoln;;
O Melhor do Choro Brasileiro;;;3;OMCB;26;Estamos aí;;;Maurício Einhorn;Durval Ferreira;Regina Werneck
O Melhor do Choro Brasileiro;;;3;OMCB;27;Gaúcho;;;Chiquinha Gonzaga;;
O Melhor do Choro Brasileiro;;;3;OMCB;28;Evocação a Nazareth;;;Canhotinho;;
O Melhor do Choro Brasileiro;;;3;OMCB;29;Falando de amor;;;Tom Jobim;;
O Melhor do Choro Brasileiro;;;3;OMCB;30;Garoto;;;Ernesto Nazareth;;
O Melhor do Choro Brasileiro;;;3;OMCB;31;Harmonioso;;;Tico-Tico;;
O Melhor do Choro Brasileiro;;;3;OMCB;32;Indeciso;;;Altamiro Carrilho;;
O Melhor do Choro Brasileiro;;;3;OMCB;33;Indiferente;;;Nabor Pires Camargo;;
O Melhor do Choro Brasileiro;;;3;OMCB;34;Infernal;;;Garoto;;
O Melhor do Choro Brasileiro;;;3;OMCB;35;Iolanda;;;João de Lima;;
O Melhor do Choro Brasileiro;;;3;OMCB;36;Malabarista;;;Donga;Jararaca;
O Melhor do Choro Brasileiro;;;3;OMCB;37;Marilene;;;Pixinguinha;Benedito Lacerda;
O Melhor do Choro Brasileiro;;;3;OMCB;38;Meigo;;;Domingos Pecci;;
O Melhor do Choro Brasileiro;;;3;OMCB;39;Meu caro amigo;;;Chico Buarque;Francis Hime;
O Melhor do Choro Brasileiro;;;3;OMCB;40;Nenê;;;Ernesto Nazareth;;
O Melhor do Choro Brasileiro;;;3;OMCB;41;Minhas mãos;;; meu cavaquinho;Waldyr Azevedo;
O Melhor do Choro Brasileiro;;;3;OMCB;42;Passageiro do futuro;;;Luiz Suppé;;
O Melhor do Choro Brasileiro;;;3;OMCB;43;Por hoje é só;;;Altamiro Carrilho;;
O Melhor do Choro Brasileiro;;;3;OMCB;44;Quindim;;;João Portaro;;
O Melhor do Choro Brasileiro;;;3;OMCB;45;Rio antigo;;;Pixinguinha;;
O Melhor do Choro Brasileiro;;;3;OMCB;46;Sax soprano magoado;;;Luíz dos Santos;Patrasca;
O Melhor do Choro Brasileiro;;;3;OMCB;47;Saudoso;;;Lina Pesce;;
O Melhor do Choro Brasileiro;;;3;OMCB;48;Serenata;;;Dilermando Reis;;
O Melhor do Choro Brasileiro;;;3;OMCB;49;Serenata no Joá;;;Radamés Gnatalli;;
O Melhor do Choro Brasileiro;;;3;OMCB;50;Seresteiro;;;Benedito Lacerda;Oduwaldo Lacerda;
O Melhor do Choro Brasileiro;;;3;OMCB;51;Solitário;;;Zequinha Abreu;Ruy Borba;
O Melhor do Choro Brasileiro;;;3;OMCB;52;Sonhando;;;K-Ximbinho;;
O Melhor do Choro Brasileiro;;;3;OMCB;53;Tamoio;;;Nabor Pires Camargo;;
O Melhor do Choro Brasileiro;;;3;OMCB;54;Seresta;;;Waldyr Azevedo;;
O Melhor do Choro Brasileiro;;;3;OMCB;55;Tico tico;;;Garoto;;
O Melhor do Choro Brasileiro;;;3;OMCB;56;Tranca rua;;;Renato Tito;;
O Melhor do Choro Brasileiro;;;3;OMCB;57;Tristezas de um violão;;;Garoto;;
O Melhor do Choro Brasileiro;;;3;OMCB;58;Velhos tempos;;;Carlos Lyra;Marino Pinto;
O Melhor do Choro Brasileiro;;;3;OMCB;59;Veludo;;;Waldir Silva;;
O Melhor do Choro Brasileiro;;;3;OMCB;60;Um chorinho atual;;;Renato Tito;;
Songbook Choro;;;1;SC;1;A ginga do mané;;;Jacob do Bandolim;;
Songbook Choro;;;1;SC;2;A vida é um buraco;;;Pixinguinha;;
Songbook Choro;;;1;SC;3;Aguenta seu Fulgêncio;;;Jacob do Bandolim;Lourenço Lamartine;
Songbook Choro;;;1;SC;4;Alma brasileira;;;Fernando Magalhães;;
Songbook Choro;;;1;SC;5;Alvorada;;;Jacob do Bandolim;;
Songbook Choro;;;1;SC;6;Amigo bandolim;;;Cristóvão Bastos;;
Songbook Choro;;;1;SC;7;Amor não se compra;;;Bonfiglio de Oliveira;;
Songbook Choro;;;1;SC;8;Ano novo;;;Rildo Hora;;
Songbook Choro;;;1;SC;9;Apanhei-te cavaquinho;;;Ernesto Nazareth;;
Songbook Choro;;;1;SC;10;Araponga;;;Luiz Gonzaga;;
Songbook Choro;;;1;SC;11;Assanhado;;;Jacob do Bandolim;;
Songbook Choro;;;1;SC;12;Atlântico;;;Ernesto Nazareth;;
Songbook Choro;;;1;SC;13;Atraente;;;Chiquinha Gonzaga;;
Songbook Choro;;;1;SC;14;Beliscando;;;Paulinho da Viola;;
Songbook Choro;;;1;SC;15;Benzinho;;;Jacob do Bandolim;;
Songbook Choro;;;1;SC;16;Bole-bole;;;Jacob do Bandolim;;
Songbook Choro;;;1;SC;17;Boneca;;;Benedito Lacerda;;
Songbook Choro;;;1;SC;18;Bonicrates de muletas;;;Jacob do Bandolim;Biliano;
Songbook Choro;;;1;SC;19;Cadência;;;Juventino Maciel;;
Songbook Choro;;;1;SC;20;Caminhando;;;Nelson Cavaquinho;Norival Bahia;
Songbook Choro;;;1;SC;21;Canarinho teimoso;;;Altamiro Carrilho;;
Songbook Choro;;;1;SC;22;Carinhoso;;;Pixinguinha;João de Barro;
Songbook Choro;;;1;SC;23;Carioca n° 1;;;Nicanor Teixeira;;
Songbook Choro;;;1;SC;24;Cem anos de choro;;;Capiba;;
Songbook Choro;;;1;SC;25;Chorando pra Pixinguinha;;;Toquinho;;
Songbook Choro;;;1;SC;26;Chorinho do sovaco de cobra;;;Abel Ferreira;;
Songbook Choro;;;1;SC;27;Chorinho na gafieira;;;Astor Silva;;
Songbook Choro;;;1;SC;28;Choro de memórias;;;Paulinho da Viola;;
Songbook Choro;;;1;SC;29;Cochichando;;;Pixinguinha;;
Songbook Choro;;;1;SC;30;Conversa de botequim;;;Vadico;Noel Rosa;
Songbook Choro;;;1;SC;31;De coração a coração;;;Jacob do Bandolim;;
Songbook Choro;;;1;SC;32;De Limoeiro a Mossoró;;;Jacob do Bandolim;;
Songbook Choro;;;1;SC;33;Dengoso;;;João Pernambuco;;
Songbook Choro;;;1;SC;34;Desvairada;;;Garoto;;
Songbook Choro;;;1;SC;35;Diabinho maluco;;;Jacob do Bandolim;;
Songbook Choro;;;1;SC;36;Dinorah;;;Benedito Lacerda;;
Songbook Choro;;;1;SC;37;Displicente;;;Pixinguinha;;
Songbook Choro;;;1;SC;38;Do sorriso das mulheres nasceram as flores;;;Eduardo Souto;;
Songbook Choro;;;1;SC;39;Doce de côco;;;Jacob do Bandolim;;
Songbook Choro;;;1;SC;40;Dr. Sabe Tudo;;;Dilermando Reis;;
Songbook Choro;;;1;SC;41;Enigmático;;;Altamiro Carrilho;;
Songbook Choro;;;1;SC;42;Espinha de bacalhau;;;Severino Araújo;;
Songbook Choro;;;1;SC;43;Eu quero é sossego;;;K-Ximbinho;Hianto de Almeida;
Songbook Choro;;;1;SC;44;Feitiço;;;Jacob do Bandolim;;
Songbook Choro;;;1;SC;45;Flôr amorosa;;;Joaquim Callado;;
Songbook Choro;;;1;SC;46;Fogo na roupa;;;Altamiro Carrilho;;
Songbook Choro;;;1;SC;47;Forró de gala;;;Jacob do Bandolim;;
Songbook Choro;;;1;SC;48;Gadú namorando;;;Alcyr Pires Vermelho;;
Songbook Choro;;;1;SC;49;Garoto;;;Tom Jobim;;
Songbook Choro;;;1;SC;50;Glória;;;Pixinguinha;;
Songbook Choro;;;1;SC;51;Graúna;;;João Pernambuco;;
Songbook Choro;;;1;SC;52;Harmonia selvagem;;;Dante Santoro;;
Songbook Choro;;;1;SC;53;Haroldo no choro;;;Abel Ferreira;;
Songbook Choro;;;1;SC;54;Implicante;;;Jacob do Bandolim;;
Songbook Choro;;;1;SC;55;Inesquecível;;;Paulinho da Viola;;
Songbook Choro;;;1;SC;56;Língua de preto;;;Honorino Lopes;;
Songbook Choro;;;1;SC;57;Mimosa;;;Jacob do Bandolim;;
Songbook Choro;;;1;SC;58;Mistura e manda;;;Nelson Alves;;
Songbook Choro;;;1;SC;59;Modulando;;;Rubens Leal Brito;;
Songbook Choro;;;1;SC;60;Murmurando;;;Fon-fon;;
Songbook Choro;;;1;SC;61;O bom filho à casa retorna;;;Bonfiglio de Oliveira;;
Songbook Choro;;;1;SC;62;O vôo da mosca;;;Jacob do Bandolim;;
Songbook Choro;;;1;SC;63;Odeon;;;Ernesto Nazareth;;
Songbook Choro;;;1;SC;64;Os cinco companheiros;;;Pixinguinha;;
Songbook Choro;;;1;SC;65;Os três chorões;;;Cristóvão Bastos;;
Songbook Choro;;;1;SC;66;Paciente;;;Pixinguinha;;
Songbook Choro;;;1;SC;67;Paraquedista;;;José Leocádio;;
Songbook Choro;;;1;SC;68;Perspectivo;;;Cristóvão Bastos;;
Songbook Choro;;;1;SC;69;Picadinho à baiana;;;Luperce Miranda;;
Songbook Choro;;;1;SC;70;Quando me lembro;;;Luperce Miranda;;
Songbook Choro;;;1;SC;71;Quinta valsa de esquina;;;Francisco Mignone;;
Songbook Choro;;;1;SC;72;Radamés e Pelé;;;Tom Jobim;;
Songbook Choro;;;1;SC;73;Recado;;;Rossini Ferreira;;
Songbook Choro;;;1;SC;74;Receita de samba;;;Jacob do Bandolim;;
Songbook Choro;;;1;SC;75;Remexendo;;;Radamés Ganattali;;
Songbook Choro;;;1;SC;76;Revendo o passado;;;Feire Júnior ;;
Songbook Choro;;;1;SC;77;Rio antigo;;;Altamiro Carrilho;;
Songbook Choro;;;1;SC;78;Rosa;;;Pixinguinha;;
Songbook Choro;;;1;SC;79;Santa morena;;;Jacob do Bandolim;;
Songbook Choro;;;1;SC;80;Sapeca;;;Jacob do Bandolim;;
Songbook Choro;;;1;SC;81;Sarau pra Radamés;;;Paulinho da Viola;;
Songbook Choro;;;1;SC;82;Se ela perguntar;;;Dilermando Reis;;
Songbook Choro;;;1;SC;83;Sensível;;;Pixinguinha;;
Songbook Choro;;;1;SC;84;Serpentina;;;Nelson Alves;;
Songbook Choro;;;1;SC;85;Sons de carrilhões;;;João Pernambuco;;
Songbook Choro;;;1;SC;86;Subindo ao céu;;;Aristides Borges;;
Songbook Choro;;;1;SC;87;Tempo de criança;;;Dilermando Reis;;
Songbook Choro;;;1;SC;88;Tira poeira;;;Jacob do Bandolim;Sátiro Bilhar;
Songbook Choro;;;1;SC;89;Turbilhão de beijos;;;Ernesto Nazareth;;
Songbook Choro;;;1;SC;90;Um chorinho diferente;;;El Gaúcho;Ivonne Rebello;
Songbook Choro;;;1;SC;91;Um chorinho em aldeia;;;Severino Araújo;;
Songbook Choro;;;1;SC;92;Um chorinho pra você;;;Severino Araújo;;
Songbook Choro;;;1;SC;93;Um sarau para Rafael;;;Paulinho da Viola;;
Songbook Choro;;;1;SC;94;Urubu malandro;;;Loro;João de Barro;
Songbook Choro;;;1;SC;95;Vale tudo;;;Jacob do Bandolim;;
Songbook Choro;;;1;SC;96;Valsa sem nome;;;Baden Powell;;
Songbook Choro;;;1;SC;97;Vibrações;;;Jacob do Bandolim;;
Songbook Choro;;;2;SC;1;A menina do sobrado;;;Zequinha Reis;;
Songbook Choro;;;2;SC;2;Abismo de rosas;;;Canhoto;;
Songbook Choro;;;2;SC;3;Acariciando;;;Abel Ferreira;;
Songbook Choro;;;2;SC;4;Acerta o passo;;;Pixinguinha;Benedito Lacerda;
Songbook Choro;;;2;SC;5;Ameno Resedá;;;Ernesto Nazareth;;
Songbook Choro;;;2;SC;6;Amphibious;;;Moacyr Santos;;
Songbook Choro;;;2;SC;7;Ao nosso amigo Esmê;;;Laércio de Freitas;;
Songbook Choro;;;2;SC;8;Assim mesmo;;;Luiz Americano;;
Songbook Choro;;;2;SC;9;Az de ouro;;;João Ricardo;Paulo Henrique;Fumaça
Songbook Choro;;;2;SC;10;Batuque;;;Henrique Alves de Mesquita;;
Songbook Choro;;;2;SC;11;Bem-te-vi atrevido;;;Lina Pesce;;
Songbook Choro;;;2;SC;12;Bordões ao luar;;;Tia Amélia;;
Songbook Choro;;;2;SC;13;Brasileirinho;;;Waldyr Azevedo;;
Songbook Choro;;;2;SC;14;Canhoto da Paraíba;;;Dininho;;
Songbook Choro;;;2;SC;15;Carioquinha;;;Waldyr Azevedo;;
Songbook Choro;;;2;SC;16;Chapéu palheta;;;Toninho Ferragutti;;
Songbook Choro;;;2;SC;17;Cheguei;;;Pixinguinha;Benedito Lacerda;
Songbook Choro;;;2;SC;18;Cheio de dedos;;;Guinga;Aldir Blanc;
Songbook Choro;;;2;SC;19;Chorinho pra ele;;;Hermeto Pascoal;;
Songbook Choro;;;2;SC;20;Chorinho pra você;;;Severino Araújo;;
Songbook Choro;;;2;SC;21;Choro cubano;;;Mauricio Carrilho;;
Songbook Choro;;;2;SC;22;Choro negro;;;Paulinho da Viola;Fernando Costa;
Songbook Choro;;;2;SC;23;Com mais de mil;;;Canhoto da Paraíba;;
Songbook Choro;;;2;SC;24;Comigo é assim;;;Zé Menezes;;
Songbook Choro;;;2;SC;25;Compadre;;;Luiz Marcelo Fortuna;;
Songbook Choro;;;2;SC;26;Confidências;;;Ernesto Nazareth;;
Songbook Choro;;;2;SC;27;Conversa fiada;;;Rogério Souza;;
Songbook Choro;;;2;SC;28;Coralina;;;Carramona;;
Songbook Choro;;;2;SC;29;Cuidado violão;;;José Toledo;;
Songbook Choro;;;2;SC;30;Delicado;;;Waldyr Azevedo;;
Songbook Choro;;;2;SC;31;Dengoso;;;Jonas Silva;;
Songbook Choro;;;2;SC;32;Depois dos arcos;;;Afonso Marchado;Luiz Moura;Paulinho Pinheiro
Songbook Choro;;;2;SC;33;Descendo a serra;;;Pixinguinha;Benedito Lacerda;
Songbook Choro;;;2;SC;34;Destroçando a macaxeira;;;Hamilton de Holanda;;
Songbook Choro;;;2;SC;35;Dialogando;;;Ricardo Calafate;;
Songbook Choro;;;2;SC;36;Ele e eu;;;Pixinguinha;Benedito Lacerda;
Songbook Choro;;;2;SC;37;Escorregando;;;Ernesto Nazareth;;
Songbook Choro;;;2;SC;38;Espírito infantil;;;Mú Carvalho;;
Songbook Choro;;;2;SC;39;Este choro é o meu pranto;;;Claudionor Cruz;Pedro Caetano;
Songbook Choro;;;2;SC;40;Evocação a Jacob;;;Avena de Castro;;
Songbook Choro;;;2;SC;41;Expansiva;;;Ernesto Nazareth;;
Songbook Choro;;;2;SC;42;Faceira;;;Ernesto Nazareth;;
Songbook Choro;;;2;SC;43;Fala baixinho;;;Pixinguinha;Hermínio Bello de Carvalho;
Songbook Choro;;;2;SC;44;Feia;;;Jacob do Bandolim;;
Songbook Choro;;;2;SC;45;Flamengo;;;Bonfiglio de Oliveira;;
Songbook Choro;;;2;SC;46;Flausina;;;Pedro Galdino;;
Songbook Choro;;;2;SC;47;Gingando no choro;;;Jorge Cardoso;;
Songbook Choro;;;2;SC;48;Homenagem à velha guarda;;;Sivuca;Paulo César Pinheiro;
Songbook Choro;;;2;SC;49;Iara (Rasga o coração);;;Anacleto de Medeiros;Catulo da Paixão Cearense;
Songbook Choro;;;2;SC;50;Igreja da Penha;;;Guinga;;
Songbook Choro;;;2;SC;51;Imaginária;;;Mário Sève;Suely Mesquita;
Songbook Choro;;;2;SC;52;Intrigas no boteco do Padilha;;;Luiz Americano;;
Songbook Choro;;;2;SC;53;Jóquei de elefante;;;Dante Santoro;;
Songbook Choro;;;2;SC;54;Jurity;;;Raul Silva;;
Songbook Choro;;;2;SC;55;Lamentos;;;Pixinguinha;Vinícius de Moraes;
Songbook Choro;;;2;SC;56;Mariana;;;Irineu de Almeida;;
Songbook Choro;;;2;SC;57;Matuto;;;Ernesto Nazareth;;
Songbook Choro;;;2;SC;58;Meu avô;;;Rafael Rabello;;
Songbook Choro;;;2;SC;59;Meu caro amigo;;;Francis Hime;Chico Buarque;
Songbook Choro;;;2;SC;60;Meu sabiá;;;Raul Silva;;
Songbook Choro;;;2;SC;61;Meu sentimento;;;Dino;Orlando Silveira;
Songbook Choro;;;2;SC;62;Meu sonho;;;Cristóvão Bastos;Jorginho do Pandeiro;
Songbook Choro;;;2;SC;63;Minha flauta de prata;;;Meira;;
Songbook Choro;;;2;SC;64;Na glória;;;Ary Santos;Raul de Barros;
Songbook Choro;;;2;SC;65;Não me toques...;;;Zequinha Abreu;;
Songbook Choro;;;2;SC;66;Não posso mais;;;Pixinguinha;;
Songbook Choro;;;2;SC;67;No tempo do vovô;;;Toco Preto;;
Songbook Choro;;;2;SC;68;Noites cariocas;;;Jacob do Bandolim;;
Songbook Choro;;;2;SC;69;O boêmio;;;Anacleto de Medeiros;Catulo da Paixão Cearense;
Songbook Choro;;;2;SC;70;O despertar da montanha;;;Eduardo Souto;;
Songbook Choro;;;2;SC;71;O gato e o canário;;;Pixinguinha;Benedito Lacerda;
Songbook Choro;;;2;SC;72;O nó;;;Candinho;;
Songbook Choro;;;2;SC;73;Os oito batutas;;;Pixinguinha;Benedito Lacerda;
Songbook Choro;;;2;SC;74;Pagode jazz sardinha's club;;;Rodrigo Lessa;Eduardo Neves;
Songbook Choro;;;2;SC;75;Paraty dançante;;;Eduardo Souto;;
Songbook Choro;;;2;SC;76;Paulista;;;João dos Santos;;
Songbook Choro;;;2;SC;77;Pé de moleque;;;Jacob do Bandolim;;
Songbook Choro;;;2;SC;78;Pedacinhos do céu;;;Waldyr Azevedo;;
Songbook Choro;;;2;SC;79;Peguei a reta;;;Porfírio Costa;;
Songbook Choro;;;2;SC;80;Perfume de Radamés;;;Guinga;;
Songbook Choro;;;2;SC;81;Proezas de Solon;;;Pixinguinha;Benedito Lacerda;
Songbook Choro;;;2;SC;82;Remeleixo;;;Jacob do Bandolim;;
Songbook Choro;;;2;SC;83;Samambaia;;;Cesar Camargo Mariano;;
Songbook Choro;;;2;SC;84;Segura ele;;;Pixinguinha;Benedito Lacerda;
Songbook Choro;;;2;SC;85;Sempre;;;K-Ximbinho;;
Songbook Choro;;;2;SC;86;Só pra moer;;;Viriato Figueira;;
Songbook Choro;;;2;SC;87;Sofres porque queres;;;Pixinguinha;Benedito Lacerda;
Songbook Choro;;;2;SC;88;Sonoroso;;;K-Ximbinho;Del Loro;
Songbook Choro;;;2;SC;89;Sorriso de cristal;;;Erika Rego;;
Songbook Choro;;;2;SC;90;Tenebroso;;;Ernesto Nazareth;;
Songbook Choro;;;2;SC;91;Terna saudade (Por um beijo);;;Anacleto de Medeiros;Catulo da Paixão Cearense;
Songbook Choro;;;2;SC;92;Treme-treme;;;Jacob do Bandolim;;
Songbook Choro;;;2;SC;93;Tristezas de um violão;;;Garoto;;
Songbook Choro;;;2;SC;94;Tudo dança;;;Bonfiglio de Oliveira;;
Songbook Choro;;;2;SC;95;Tupinambá;;;Ernesto Nazareth;;
Songbook Choro;;;2;SC;96;Urubatan;;;Pixinguinha;Benedito Lacerda;
Songbook Choro;;;2;SC;97;Valsa dos anjos;;;Antonio Adolfo;Paulinho Tapajós;
Songbook Choro;;;2;SC;98;Visitando Recife;;;Canhoto da Paraíba;;
Songbook Choro;;;2;SC;99;Voltei ao meu lugar;;;Carioca;;
Songbook Choro;;;2;SC;100;Zinha;;;Patápio Silva;;
Songbook Choro;;;3;SC;1;A moçada no samba;;;Tico-Tico;;
Songbook Choro;;;3;SC;2;Aeroporto do Galeão;;;Altamiro Carrilho;;
Songbook Choro;;;3;SC;3;Ainda me recordo;;;Pixinguinha;Benedito Lacerda;
Songbook Choro;;;3;SC;4;Amarelinho;;;Téo de Oliveira;Elton Medeiros;
Songbook Choro;;;3;SC;5;André de sapato novo;;;André Victor Corrêa;;
Songbook Choro;;;3;SC;6;Ansiedade;;;Rossini Ferreira;;
Songbook Choro;;;3;SC;7;Arranca toco;;;Jayme Florence;;
Songbook Choro;;;3;SC;8;Bate boca;;;Tom Jobim;;
Songbook Choro;;;3;SC;9;Branca;;;Zequinha Abreu;;
Songbook Choro;;;3;SC;10;Brejeiro;;;Ernesto Nazareth;;
Songbook Choro;;;3;SC;11;Bruno no choro;;;Deo Rian;;
Songbook Choro;;;3;SC;12;Cabo Pitanga;;;Laércio de Freitas;;
Songbook Choro;;;3;SC;13;Caboré;;;Canhoto da Paraíba;;
Songbook Choro;;;3;SC;14;Cabuloso;;;Jacob do Bandolim;;
Songbook Choro;;;3;SC;15;Camundongo;;;Waldyr Azevedo;;
Songbook Choro;;;3;SC;16;Camunguelando;;;Claudio Camunguelo;Julio Costa;
Songbook Choro;;;3;SC;17;Canhotinho;;;Canhoto;;
Songbook Choro;;;3;SC;18;Carioquinhas no choro;;;Altamiro Carrilho;;
Songbook Choro;;;3;SC;19;Chorando;;;Ary Barroso;;
Songbook Choro;;;3;SC;20;Chorando baixinho;;;Abel Ferreira;;
Songbook Choro;;;3;SC;21;Chorei;;;Pixinguinha;Benedito Lacerda;
Songbook Choro;;;3;SC;22;Chorinho da vovó;;;Gilson Peranzetta;;
Songbook Choro;;;3;SC;23;Choro acadêmico;;;Nonato Luiz;;
Songbook Choro;;;3;SC;24;Choro bandido;;;Edu Lobo;Chico Buarque;
Songbook Choro;;;3;SC;25;Choro da saudade;;;Augustin Barrios;;
Songbook Choro;;;3;SC;26;Choro de mãe;;;Wagner Tiso;;
Songbook Choro;;;3;SC;27;Choro novo em Dó;;;Waldyr Azevedo;;
Songbook Choro;;;3;SC;28;Choro pro Zé;;;Guinga;Aldir Blanc;
Songbook Choro;;;3;SC;29;Choro n° 1;;;Heitor Villa-Lobos;;
Songbook Choro;;;3;SC;30;Choro triste;;;Rogério Souza;;
Songbook Choro;;;3;SC;31;Conversa mole;;;Radamés Gnatalli;;
Songbook Choro;;;3;SC;32;Coração que sente;;;Ernesto Nazareth;;
Songbook Choro;;;3;SC;33;Cuidado colega;;;Pixinguinha;Benedito Lacerda;
Songbook Choro;;;3;SC;34;Dança do urso;;;Candinho;;
Songbook Choro;;;3;SC;35;Davilicença;;;Armandinho;Moraes Moreira;
Songbook Choro;;;3;SC;36;Doce melodia;;;Abel Ferreira;;
Songbook Choro;;;3;SC;37;É do que há;;;Luiz Americano;;
Songbook Choro;;;3;SC;38;É segredo;;;Viriato Figueira;;
Songbook Choro;;;3;SC;39;Ecos;;;Joel Nascimento;;
Songbook Choro;;;3;SC;40;Enigma;;;Garoto;;
Songbook Choro;;;3;SC;41;Então;;; chora bandolim!;Luiz Otavio Braga;
Songbook Choro;;;3;SC;42;Escovado;;;Ernesto Nazareth;;
Songbook Choro;;;3;SC;43;Eu sou do barulho;;;Carolina Cardoso de Menezes;;
Songbook Choro;;;3;SC;44;Flor do abacate;;;Álvaro Sandi;;
Songbook Choro;;;3;SC;45;Gargalhada;;;Pixinguinha;;
Songbook Choro;;;3;SC;46;Gaúcho;;;Chiquinha Gonzaga;;
Songbook Choro;;;3;SC;47;Gostosinho;;;Jacob do Bandolim;;
Songbook Choro;;;3;SC;48;Impressões do choro;;;Leandro Braga;;
Songbook Choro;;;3;SC;49;Ingênuo;;;Pixinguinha;Benedito Lacerda;Paulo César Pinheiro
Songbook Choro;;;3;SC;50;Luá;;; Joá;Sebastião Tapajós;
Songbook Choro;;;3;SC;51;Magoado;;;Dilermando Reis;;
Songbook Choro;;;3;SC;52;Mágoas de cavaquinho;;;Waldyr Azevedo;;
Songbook Choro;;;3;SC;53;Marceneiro;;;Paulo Hélio Delmiro;;
Songbook Choro;;;3;SC;54;Melancolia;;;Luiz Eça;;
Songbook Choro;;;3;SC;55;Meu chorinho;;;Jonas Silva;;
Songbook Choro;;;3;SC;56;Meu tempo de garoto;;;Cristóvão Bastos;Paulinho da Viola;
Songbook Choro;;;3;SC;57;Minha gente;;;Pixinguinha;;
Songbook Choro;;;3;SC;58;Mitsuru do cavaco;;;Henrique Cazes;;
Songbook Choro;;;3;SC;59;Moleque Ronaldinho;;;Reco;Augusto Cezar;
Songbook Choro;;;3;SC;60;Músicos e poetas;;;Sivuca;;
Songbook Choro;;;3;SC;61;Não gostei de seus modos;;;Moleque Diabo;;
Songbook Choro;;;3;SC;62;Naquele tempo;;;Pixinguinha;Benedito Lacerda;Fábio de Oliveira
Songbook Choro;;;3;SC;63;Negrinha;;;Joubert de Carvalho;;
Songbook Choro;;;3;SC;64;No coreto;;;Pedro Amorim;;
Songbook Choro;;;3;SC;65;Nó na garganta;;;Guinga;;
Songbook Choro;;;3;SC;66;Num bate-papo;;;Índio do Cavaquinho;;
Songbook Choro;;;3;SC;67;Numa seresta;;;Luiz Americano;;
Songbook Choro;;;3;SC;68;Pardal embriagado;;;Patrocinio Gomes;;
Songbook Choro;;;3;SC;69;Perigoso;;;Orlando Silveira;Esmeraldino Salles;
Songbook Choro;;;3;SC;70;Pimpolho;;;José Paulo;;
Songbook Choro;;;3;SC;71;Pitoresco;;;Guio de Morais;;
Songbook Choro;;;3;SC;72;Pra dois amores;;;Dininho;Celsinho Silva;
Songbook Choro;;;3;SC;73;Praça sete;;;Dino;;
Songbook Choro;;;3;SC;74;Primeiro amor;;;Pattápio Silva;;
Songbook Choro;;;3;SC;75;Queixumes;;;Avena de Castro;;
Songbook Choro;;;3;SC;76;Rapaziada do Braz;;;Alberto Marino;;
Songbook Choro;;;3;SC;77;Ruth;;;Antonio Gismonti;;
Songbook Choro;;;3;SC;78;Sai da frente;;;Abel Ferreira;;
Songbook Choro;;;3;SC;79;Samba de morro;;;Altamiro Carrilho;;
Songbook Choro;;;3;SC;80;Santinha;;;Anacleto de Medeiros;;
Songbook Choro;;;3;SC;81;Saxofone;;; porque choras?;Ratinho;
Songbook Choro;;;3;SC;82;Sedutor;;;Pixinguinha;Benedito Lacerda;
Songbook Choro;;;3;SC;83;Será que é isso?;;;Copinha;;
Songbook Choro;;;3;SC;84;Serenata no Joá;;;Radamés Gnatalli;;
Songbook Choro;;;3;SC;85;Seresteiro;;;Benedito Lacerda;Oduwaldo Lacerda;
Songbook Choro;;;3;SC;86;Simplicidade;;;Jacob Bittencourt;;
Songbook Choro;;;3;SC;87;Soluçando;;;Candinho;;
Songbook Choro;;;3;SC;88;Sonhando;;;K-Ximbinho;;
Songbook Choro;;;3;SC;89;Ternura;;;K-Ximbinho;;
Songbook Choro;;;3;SC;90;Teu beijo;;;Mario Alves;;
Songbook Choro;;;3;SC;91;Tico tico no fubá;;;Zequinha Abreu;;
Songbook Choro;;;3;SC;92;Três estrelinhas;;;Anacleto de Medeiros;Guimarães Martins;
Songbook Choro;;;3;SC;93;Triunfando;;;Marco César;João Lyra;
Songbook Choro;;;3;SC;94;Tua imagem;;;Canhoto da Paraíba;;
Songbook Choro;;;3;SC;95;Um a zero;;;Pixinguinha;Benedito Lacerda;
Songbook Choro;;;3;SC;96;Um chorinho em aldeia;;;Severino Araújo;;
Songbook Choro;;;3;SC;97;Valsa da noite;;;Mário Sève;;
Songbook Choro;;;3;SC;98;Vê se gostas;;;Waldyr Azevedo;;
Songbook Choro;;;3;SC;99;Velhos chorões;;;Luciana Rabello;;
Songbook Choro;;;3;SC;100;Vou vivendo;;;Pixinguinha;Benedito Lacerda;
